scenario,cell,cell_radius_km,cluster_size_N,total_carriers,carriers_per_cell,arfcn_range,arfcn_list,reuse_ratio_D_over_R,reuse_distance_km
B_campamento_base,A,1.5,4,24,6,1-6,"1, 2, 3, 4, 5, 6",3.4641016151377544,5.196152422706632
B_campamento_base,B,1.5,4,24,6,7-12,"7, 8, 9, 10, 11, 12",3.4641016151377544,5.196152422706632
B_campamento_base,C,1.5,4,24,6,13-18,"13, 14, 15, 16, 17, 18",3.4641016151377544,5.196152422706632
B_campamento_base,D,1.5,4,24,6,19-24,"19, 20, 21, 22, 23, 24",3.4641016151377544,5.196152422706632
